<?xml version="1.0" encoding="UTF-8"?>
<metadata xml:lang="sv"><Esri><CreaDate>20180911</CreaDate><CreaTime>15535200</CreaTime><ArcGISFormat>1.0</ArcGISFormat><ArcGISstyle>Item Description</ArcGISstyle><SyncOnce>FALSE</SyncOnce><DataProperties><lineage><Process ToolSource="c:\program files (x86)\arcgis\desktop10.3\ArcToolbox\Toolboxes\Data Management Tools.tbx\CalculateField" Date="20160126" Time="140110">CalculateField Uppdatering0125\Sjoar_Vattenforekomster_2012 EU_CD [NY_EU_CD] VB #</Process><Process ToolSource="c:\program files (x86)\arcgis\desktop10.3\ArcToolbox\Toolboxes\Data Management Tools.tbx\CalculateField" Date="20160127" Time="093036">CalculateField Uppdatering0125\Sjoar_Vattenforekomster_2012 URL_VISS ""http://www.viss.lansstyrelsen.se/waters.aspx?waterEUID=" &amp; [EU_CD]" VB #</Process><Process ToolSource="c:\program files (x86)\arcgis\desktop10.3\ArcToolbox\Toolboxes\Conversion Tools.tbx\FeatureClassToFeatureClass" Date="20160222" Time="152547">FeatureClassToFeatureClass "\\lansstyrelsen.se\Lst_kartor\arbetsdata\Uppladdningsyta\Vattenmyndigheten\Leveranser geodata\RevVF_jan2016.gdb\Sjoar_Vattenforekomster_2012" "Database Connections\Vattenmyndigheten - VM (Write).sde" Sjoar_Vattenforekomster_2012_ny # "EU_CD "EU_CD" true true false 254 Text 0 0 ,First,#,\\lansstyrelsen.se\Lst_kartor\arbetsdata\Uppladdningsyta\Vattenmyndigheten\Leveranser geodata\RevVF_jan2016.gdb\Sjoar_Vattenforekomster_2012,EU_CD,-1,-1;MS_CD "MS_CD" true true false 15 Text 0 0 ,First,#,\\lansstyrelsen.se\Lst_kartor\arbetsdata\Uppladdningsyta\Vattenmyndigheten\Leveranser geodata\RevVF_jan2016.gdb\Sjoar_Vattenforekomster_2012,MS_CD,-1,-1;SJONAMN "SJONAMN" true true false 50 Text 0 0 ,First,#,\\lansstyrelsen.se\Lst_kartor\arbetsdata\Uppladdningsyta\Vattenmyndigheten\Leveranser geodata\RevVF_jan2016.gdb\Sjoar_Vattenforekomster_2012,SJONAMN,-1,-1;SJOID "SJOID" true true false 13 Text 0 0 ,First,#,\\lansstyrelsen.se\Lst_kartor\arbetsdata\Uppladdningsyta\Vattenmyndigheten\Leveranser geodata\RevVF_jan2016.gdb\Sjoar_Vattenforekomster_2012,SJOID,-1,-1;CATEGORY "CATEGORY" true true false 2 Text 0 0 ,First,#,\\lansstyrelsen.se\Lst_kartor\arbetsdata\Uppladdningsyta\Vattenmyndigheten\Leveranser geodata\RevVF_jan2016.gdb\Sjoar_Vattenforekomster_2012,CATEGORY,-1,-1;HARO "HARO" true true false 4 Long 0 0 ,First,#,\\lansstyrelsen.se\Lst_kartor\arbetsdata\Uppladdningsyta\Vattenmyndigheten\Leveranser geodata\RevVF_jan2016.gdb\Sjoar_Vattenforekomster_2012,HARO,-1,-1;DAROID_UT "DAROID_UT" true true false 13 Text 0 0 ,First,#,\\lansstyrelsen.se\Lst_kartor\arbetsdata\Uppladdningsyta\Vattenmyndigheten\Leveranser geodata\RevVF_jan2016.gdb\Sjoar_Vattenforekomster_2012,DAROID_UT,-1,-1;DISTRICT "DISTRICT" true true false 12 Text 0 0 ,First,#,\\lansstyrelsen.se\Lst_kartor\arbetsdata\Uppladdningsyta\Vattenmyndigheten\Leveranser geodata\RevVF_jan2016.gdb\Sjoar_Vattenforekomster_2012,DISTRICT,-1,-1;COMP_AUTH "COMP_AUTH" true true false 6 Text 0 0 ,First,#,\\lansstyrelsen.se\Lst_kartor\arbetsdata\Uppladdningsyta\Vattenmyndigheten\Leveranser geodata\RevVF_jan2016.gdb\Sjoar_Vattenforekomster_2012,COMP_AUTH,-1,-1;COUNTRY "COUNTRY" true true false 2 Text 0 0 ,First,#,\\lansstyrelsen.se\Lst_kartor\arbetsdata\Uppladdningsyta\Vattenmyndigheten\Leveranser geodata\RevVF_jan2016.gdb\Sjoar_Vattenforekomster_2012,COUNTRY,-1,-1;WB "WB" true true false 1 Text 0 0 ,First,#,\\lansstyrelsen.se\Lst_kartor\arbetsdata\Uppladdningsyta\Vattenmyndigheten\Leveranser geodata\RevVF_jan2016.gdb\Sjoar_Vattenforekomster_2012,WB,-1,-1;VERSION "VERSION" true true false 12 Text 0 0 ,First,#,\\lansstyrelsen.se\Lst_kartor\arbetsdata\Uppladdningsyta\Vattenmyndigheten\Leveranser geodata\RevVF_jan2016.gdb\Sjoar_Vattenforekomster_2012,VERSION,-1,-1;URL_VISS "URL_VISS" true true false 80 Text 0 0 ,First,#,\\lansstyrelsen.se\Lst_kartor\arbetsdata\Uppladdningsyta\Vattenmyndigheten\Leveranser geodata\RevVF_jan2016.gdb\Sjoar_Vattenforekomster_2012,URL_VISS,-1,-1;OLD_EU_CD "OLD_EU_CD" true true false 255 Text 0 0 ,First,#,\\lansstyrelsen.se\Lst_kartor\arbetsdata\Uppladdningsyta\Vattenmyndigheten\Leveranser geodata\RevVF_jan2016.gdb\Sjoar_Vattenforekomster_2012,OLD_EU_CD,-1,-1" SDEBINARY</Process></lineage><itemProps><itemName Sync="TRUE">sde_vm.VM.Sjoar_Vattenforekomster_2012_ny</itemName><imsContentType Sync="TRUE">002</imsContentType><itemLocation><linkage Sync="TRUE">file://\\STOLT22707\B$\GIS\Cyanolakes\Cyanolakes Geodatabase.gdb</linkage><protocol Sync="TRUE">Local Area Network</protocol></itemLocation></itemProps><coordRef><type Sync="TRUE">Projected</type><geogcsn Sync="TRUE">GCS_SWEREF99</geogcsn><csUnits Sync="TRUE">Linear Unit: Meter (1.000000)</csUnits><projcsn Sync="TRUE">SWEREF99_TM</projcsn><peXml Sync="TRUE">&lt;ProjectedCoordinateSystem xsi:type='typens:ProjectedCoordinateSystem' xmlns:xsi='http://www.w3.org/2001/XMLSchema-instance' xmlns:xs='http://www.w3.org/2001/XMLSchema' xmlns:typens='http://www.esri.com/schemas/ArcGIS/10.3'&gt;&lt;WKT&gt;PROJCS[&amp;quot;SWEREF99_TM&amp;quot;,GEOGCS[&amp;quot;GCS_SWEREF99&amp;quot;,DATUM[&amp;quot;D_SWEREF99&amp;quot;,SPHEROID[&amp;quot;GRS_1980&amp;quot;,6378137.0,298.257222101]],PRIMEM[&amp;quot;Greenwich&amp;quot;,0.0],UNIT[&amp;quot;Degree&amp;quot;,0.0174532925199433]],PROJECTION[&amp;quot;Transverse_Mercator&amp;quot;],PARAMETER[&amp;quot;False_Easting&amp;quot;,500000.0],PARAMETER[&amp;quot;False_Northing&amp;quot;,0.0],PARAMETER[&amp;quot;Central_Meridian&amp;quot;,15.0],PARAMETER[&amp;quot;Scale_Factor&amp;quot;,0.9996],PARAMETER[&amp;quot;Latitude_Of_Origin&amp;quot;,0.0],UNIT[&amp;quot;Meter&amp;quot;,1.0],AUTHORITY[&amp;quot;EPSG&amp;quot;,3006]]&lt;/WKT&gt;&lt;XOrigin&gt;-5120900&lt;/XOrigin&gt;&lt;YOrigin&gt;-9998100&lt;/YOrigin&gt;&lt;XYScale&gt;10000&lt;/XYScale&gt;&lt;ZOrigin&gt;0&lt;/ZOrigin&gt;&lt;ZScale&gt;1&lt;/ZScale&gt;&lt;MOrigin&gt;0&lt;/MOrigin&gt;&lt;MScale&gt;1&lt;/MScale&gt;&lt;XYTolerance&gt;0.001&lt;/XYTolerance&gt;&lt;ZTolerance&gt;0.001&lt;/ZTolerance&gt;&lt;MTolerance&gt;0.001&lt;/MTolerance&gt;&lt;HighPrecision&gt;true&lt;/HighPrecision&gt;&lt;WKID&gt;3006&lt;/WKID&gt;&lt;LatestWKID&gt;3006&lt;/LatestWKID&gt;&lt;/ProjectedCoordinateSystem&gt;</peXml></coordRef></DataProperties><SyncDate>20160222</SyncDate><SyncTime>15253700</SyncTime><ModDate>20160222</ModDate><ModTime>15253700</ModTime></Esri><dataIdInfo><envirDesc Sync="TRUE"> Version 6.2 (Build 9200) ; Esri ArcGIS 10.3.0.4322</envirDesc><dataLang><languageCode value="swe" Sync="TRUE"/><countryCode value="SWE" Sync="TRUE"/></dataLang><idCitation><resTitle Sync="TRUE">sde_vm.VM.Sjoar_Vattenforekomster_2012_ny</resTitle><presForm><PresFormCd value="005" Sync="TRUE"/></presForm></idCitation><spatRpType><SpatRepTypCd value="001" Sync="TRUE"/></spatRpType></dataIdInfo><mdLang><languageCode value="swe" Sync="TRUE"/><countryCode value="SWE" Sync="TRUE"/></mdLang><distInfo><distFormat><formatName Sync="TRUE">SDE Feature Class</formatName></distFormat></distInfo><mdHrLv><ScopeCd value="005" Sync="TRUE"/></mdHrLv><mdHrLvName Sync="TRUE">dataset</mdHrLvName><refSysInfo><RefSystem><refSysID><identCode code="3006" Sync="TRUE"/><idCodeSpace Sync="TRUE">EPSG</idCodeSpace><idVersion Sync="TRUE">8.2.6</idVersion></refSysID></RefSystem></refSysInfo><spatRepInfo><VectSpatRep><geometObjs Name="sde_vm.VM.Sjoar_Vattenforekomster_2012_ny"><geoObjTyp><GeoObjTypCd value="002" Sync="TRUE"/></geoObjTyp><geoObjCnt Sync="TRUE">0</geoObjCnt></geometObjs><topLvl><TopoLevCd value="001" Sync="TRUE"/></topLvl></VectSpatRep></spatRepInfo><spdoinfo><ptvctinf><esriterm Name="sde_vm.VM.Sjoar_Vattenforekomster_2012_ny"><efeatyp Sync="TRUE">Simple</efeatyp><efeageom code="4" Sync="TRUE"/><esritopo Sync="TRUE">FALSE</esritopo><efeacnt Sync="TRUE">0</efeacnt><spindex Sync="TRUE">TRUE</spindex><linrefer Sync="TRUE">FALSE</linrefer></esriterm></ptvctinf></spdoinfo><eainfo><detailed Name="sde_vm.VM.Sjoar_Vattenforekomster_2012_ny"><enttyp><enttypl Sync="TRUE">sde_vm.VM.Sjoar_Vattenforekomster_2012_ny</enttypl><enttypt Sync="TRUE">Feature Class</enttypt><enttypc Sync="TRUE">0</enttypc></enttyp><attr><attrlabl Sync="TRUE">OBJECTID</attrlabl><attalias Sync="TRUE">OBJECTID</attalias><attrtype Sync="TRUE">OID</attrtype><attwidth Sync="TRUE">4</attwidth><atprecis Sync="TRUE">10</atprecis><attscale Sync="TRUE">0</attscale><attrdef Sync="TRUE">Internal feature number.</attrdef><attrdefs Sync="TRUE">Esri</attrdefs><attrdomv><udom Sync="TRUE">Sequential unique whole numbers that are automatically generated.</udom></attrdomv></attr><attr><attrlabl Sync="TRUE">EU_CD</attrlabl><attalias Sync="TRUE">EU_CD</attalias><attrtype Sync="TRUE">String</attrtype><attwidth Sync="TRUE">254</attwidth><atprecis Sync="TRUE">0</atprecis><attscale Sync="TRUE">0</attscale></attr><attr><attrlabl Sync="TRUE">MS_CD</attrlabl><attalias Sync="TRUE">MS_CD</attalias><attrtype Sync="TRUE">String</attrtype><attwidth Sync="TRUE">15</attwidth><atprecis Sync="TRUE">0</atprecis><attscale Sync="TRUE">0</attscale></attr><attr><attrlabl Sync="TRUE">SJONAMN</attrlabl><attalias Sync="TRUE">SJONAMN</attalias><attrtype Sync="TRUE">String</attrtype><attwidth Sync="TRUE">50</attwidth><atprecis Sync="TRUE">0</atprecis><attscale Sync="TRUE">0</attscale></attr><attr><attrlabl Sync="TRUE">SJOID</attrlabl><attalias Sync="TRUE">SJOID</attalias><attrtype Sync="TRUE">String</attrtype><attwidth Sync="TRUE">13</attwidth><atprecis Sync="TRUE">0</atprecis><attscale Sync="TRUE">0</attscale></attr><attr><attrlabl Sync="TRUE">CATEGORY</attrlabl><attalias Sync="TRUE">CATEGORY</attalias><attrtype Sync="TRUE">String</attrtype><attwidth Sync="TRUE">2</attwidth><atprecis Sync="TRUE">0</atprecis><attscale Sync="TRUE">0</attscale></attr><attr><attrlabl Sync="TRUE">HARO</attrlabl><attalias Sync="TRUE">HARO</attalias><attrtype Sync="TRUE">Integer</attrtype><attwidth Sync="TRUE">4</attwidth><atprecis Sync="TRUE">10</atprecis><attscale Sync="TRUE">0</attscale></attr><attr><attrlabl Sync="TRUE">DAROID_UT</attrlabl><attalias Sync="TRUE">DAROID_UT</attalias><attrtype Sync="TRUE">String</attrtype><attwidth Sync="TRUE">13</attwidth><atprecis Sync="TRUE">0</atprecis><attscale Sync="TRUE">0</attscale></attr><attr><attrlabl Sync="TRUE">DISTRICT</attrlabl><attalias Sync="TRUE">DISTRICT</attalias><attrtype Sync="TRUE">String</attrtype><attwidth Sync="TRUE">12</attwidth><atprecis Sync="TRUE">0</atprecis><attscale Sync="TRUE">0</attscale></attr><attr><attrlabl Sync="TRUE">COMP_AUTH</attrlabl><attalias Sync="TRUE">COMP_AUTH</attalias><attrtype Sync="TRUE">String</attrtype><attwidth Sync="TRUE">6</attwidth><atprecis Sync="TRUE">0</atprecis><attscale Sync="TRUE">0</attscale></attr><attr><attrlabl Sync="TRUE">COUNTRY</attrlabl><attalias Sync="TRUE">COUNTRY</attalias><attrtype Sync="TRUE">String</attrtype><attwidth Sync="TRUE">2</attwidth><atprecis Sync="TRUE">0</atprecis><attscale Sync="TRUE">0</attscale></attr><attr><attrlabl Sync="TRUE">WB</attrlabl><attalias Sync="TRUE">WB</attalias><attrtype Sync="TRUE">String</attrtype><attwidth Sync="TRUE">1</attwidth><atprecis Sync="TRUE">0</atprecis><attscale Sync="TRUE">0</attscale></attr><attr><attrlabl Sync="TRUE">VERSION</attrlabl><attalias Sync="TRUE">VERSION</attalias><attrtype Sync="TRUE">String</attrtype><attwidth Sync="TRUE">12</attwidth><atprecis Sync="TRUE">0</atprecis><attscale Sync="TRUE">0</attscale></attr><attr><attrlabl Sync="TRUE">URL_VISS</attrlabl><attalias Sync="TRUE">URL_VISS</attalias><attrtype Sync="TRUE">String</attrtype><attwidth Sync="TRUE">80</attwidth><atprecis Sync="TRUE">0</atprecis><attscale Sync="TRUE">0</attscale></attr><attr><attrlabl Sync="TRUE">OLD_EU_CD</attrlabl><attalias Sync="TRUE">OLD_EU_CD</attalias><attrtype Sync="TRUE">String</attrtype><attwidth Sync="TRUE">255</attwidth><atprecis Sync="TRUE">0</atprecis><attscale Sync="TRUE">0</attscale></attr><attr><attrlabl Sync="TRUE">Shape</attrlabl><attalias Sync="TRUE">Shape</attalias><attrtype Sync="TRUE">Geometry</attrtype><attwidth Sync="TRUE">4</attwidth><atprecis Sync="TRUE">0</atprecis><attscale Sync="TRUE">0</attscale><attrdef Sync="TRUE">Feature geometry.</attrdef><attrdefs Sync="TRUE">Esri</attrdefs><attrdomv><udom Sync="TRUE">Coordinates defining the features.</udom></attrdomv></attr><attr><attrlabl Sync="TRUE">Shape.area</attrlabl><attalias Sync="TRUE">Shape.area</attalias><attrtype Sync="TRUE">Double</attrtype><attwidth Sync="TRUE">0</attwidth><atprecis Sync="TRUE">0</atprecis><attscale Sync="TRUE">0</attscale></attr><attr><attrlabl Sync="TRUE">Shape.len</attrlabl><attalias Sync="TRUE">Shape.len</attalias><attrtype Sync="TRUE">Double</attrtype><attwidth Sync="TRUE">0</attwidth><atprecis Sync="TRUE">0</atprecis><attscale Sync="TRUE">0</attscale></attr></detailed></eainfo><mdDateSt Sync="TRUE">20160222</mdDateSt></metadata>
